id,name,category,brand,price,quantity_sold,availability,date,rating
clothing_000,BrandA Shorts,clothing,BrandA,244.78,16,74,2025-08-12,3.2
clothing_000,BrandA Shorts,clothing,BrandA,213.73,6,35,2025-08-13,3.1
clothing_000,BrandA Shorts,clothing,BrandA,241.0,3,23,2025-08-14,4.2
clothing_000,BrandA Shorts,clothing,BrandA,238.44,12,27,2025-08-15,4.9
clothing_000,BrandA Shorts,clothing,BrandA,244.84,19,81,2025-08-16,5.0
clothing_000,BrandA Shorts,clothing,BrandA,261.68,19,89,2025-08-17,3.0
clothing_000,BrandA Shorts,clothing,BrandA,239.33,15,31,2025-08-18,3.5
clothing_000,BrandA Shorts,clothing,BrandA,247.64,15,104,2025-08-19,3.3
clothing_000,BrandA Shorts,clothing,BrandA,223.67,22,100,2025-08-20,3.4
clothing_000,BrandA Shorts,clothing,BrandA,232.56,26,122,2025-08-21,3.8
clothing_000,BrandA Shorts,clothing,BrandA,240.27,12,65,2025-08-22,4.0
clothing_000,BrandA Shorts,clothing,BrandA,251.09,24,186,2025-08-23,4.2
clothing_000,BrandA Shorts,clothing,BrandA,236.31,6,12,2025-08-24,3.8
clothing_000,BrandA Shorts,clothing,BrandA,219.18,3,10,2025-08-25,4.4
clothing_000,BrandA Shorts,clothing,BrandA,243.96,35,206,2025-08-26,4.8
clothing_000,BrandA Shorts,clothing,BrandA,236.13,7,29,2025-08-27,4.3
clothing_000,BrandA Shorts,clothing,BrandA,249.72,13,69,2025-08-28,3.8
clothing_000,BrandA Shorts,clothing,BrandA,226.82,12,26,2025-08-29,4.4
clothing_000,BrandA Shorts,clothing,BrandA,246.06,6,44,2025-08-30,4.0
clothing_000,BrandA Shorts,clothing,BrandA,269.7,6,33,2025-08-31,4.1
clothing_000,BrandA Shorts,clothing,BrandA,257.89,29,166,2025-09-01,3.6
clothing_000,BrandA Shorts,clothing,BrandA,236.89,7,31,2025-09-02,4.8
clothing_000,BrandA Shorts,clothing,BrandA,228.77,12,89,2025-09-03,3.5
clothing_000,BrandA Shorts,clothing,BrandA,221.77,6,31,2025-09-04,4.0
clothing_000,BrandA Shorts,clothing,BrandA,224.85,11,33,2025-09-05,3.4
clothing_000,BrandA Shorts,clothing,BrandA,222.48,6,21,2025-09-06,3.5
clothing_000,BrandA Shorts,clothing,BrandA,261.1,7,55,2025-09-07,3.5
clothing_000,BrandA Shorts,clothing,BrandA,237.39,4,16,2025-09-08,4.3
clothing_000,BrandA Shorts,clothing,BrandA,242.28,21,111,2025-09-09,4.2
clothing_000,BrandA Shorts,clothing,BrandA,235.57,8,54,2025-09-10,3.9
clothing_001,BrandB Jeans,clothing,BrandB,184.75,30,117,2025-08-12,3.4
clothing_001,BrandB Jeans,clothing,BrandB,194.42,21,44,2025-08-13,4.0
clothing_001,BrandB Jeans,clothing,BrandB,199.85,6,36,2025-08-14,3.8
clothing_001,BrandB Jeans,clothing,BrandB,185.71,30,217,2025-08-15,3.5
clothing_001,BrandB Jeans,clothing,BrandB,211.64,21,108,2025-08-16,3.5
clothing_001,BrandB Jeans,clothing,BrandB,203.9,15,61,2025-08-17,4.5
clothing_001,BrandB Jeans,clothing,BrandB,199.54,7,20,2025-08-18,4.8
clothing_001,BrandB Jeans,clothing,BrandB,196.33,3,10,2025-08-19,4.1
clothing_001,BrandB Jeans,clothing,BrandB,203.8,12,75,2025-08-20,3.5
clothing_001,BrandB Jeans,clothing,BrandB,204.88,19,134,2025-08-21,4.3
clothing_001,BrandB Jeans,clothing,BrandB,184.88,15,53,2025-08-22,3.5
clothing_001,BrandB Jeans,clothing,BrandB,200.58,32,185,2025-08-23,4.6
clothing_001,BrandB Jeans,clothing,BrandB,228.32,17,53,2025-08-24,4.4
clothing_001,BrandB Jeans,clothing,BrandB,182.87,36,278,2025-08-25,4.8
clothing_001,BrandB Jeans,clothing,BrandB,192.22,38,295,2025-08-26,4.7
clothing_001,BrandB Jeans,clothing,BrandB,185.08,21,81,2025-08-27,3.3
clothing_001,BrandB Jeans,clothing,BrandB,200.45,25,135,2025-08-28,3.2
clothing_001,BrandB Jeans,clothing,BrandB,194.02,23,148,2025-08-29,4.4
clothing_001,BrandB Jeans,clothing,BrandB,191.87,16,109,2025-08-30,4.6
clothing_001,BrandB Jeans,clothing,BrandB,206.42,48,283,2025-08-31,4.4
clothing_001,BrandB Jeans,clothing,BrandB,195.73,14,59,2025-09-01,3.2
clothing_001,BrandB Jeans,clothing,BrandB,188.65,18,94,2025-09-02,3.6
clothing_001,BrandB Jeans,clothing,BrandB,189.35,4,27,2025-09-03,3.7
clothing_001,BrandB Jeans,clothing,BrandB,194.07,21,69,2025-09-04,4.2
clothing_001,BrandB Jeans,clothing,BrandB,217.02,29,184,2025-09-05,5.0
clothing_001,BrandB Jeans,clothing,BrandB,181.35,30,108,2025-09-06,3.9
clothing_001,BrandB Jeans,clothing,BrandB,193.72,11,32,2025-09-07,3.5
clothing_001,BrandB Jeans,clothing,BrandB,210.86,24,88,2025-09-08,4.9
clothing_001,BrandB Jeans,clothing,BrandB,197.16,29,131,2025-09-09,3.5
clothing_001,BrandB Jeans,clothing,BrandB,205.94,3,10,2025-09-10,3.1
clothing_002,BrandC T-Shirt,clothing,BrandC,102.11,26,153,2025-08-12,3.1
clothing_002,BrandC T-Shirt,clothing,BrandC,105.06,28,170,2025-08-13,4.2
clothing_002,BrandC T-Shirt,clothing,BrandC,106.9,41,248,2025-08-14,4.1
clothing_002,BrandC T-Shirt,clothing,BrandC,106.27,33,189,2025-08-15,4.6
clothing_002,BrandC T-Shirt,clothing,BrandC,103.2,16,52,2025-08-16,3.8
clothing_002,BrandC T-Shirt,clothing,BrandC,109.93,15,89,2025-08-17,3.8
clothing_002,BrandC T-Shirt,clothing,BrandC,99.02,18,89,2025-08-18,4.4
clothing_002,BrandC T-Shirt,clothing,BrandC,107.89,5,22,2025-08-19,4.9
clothing_002,BrandC T-Shirt,clothing,BrandC,93.17,33,180,2025-08-20,4.5
clothing_002,BrandC T-Shirt,clothing,BrandC,103.08,23,165,2025-08-21,4.1
clothing_002,BrandC T-Shirt,clothing,BrandC,109.15,25,85,2025-08-22,3.8
clothing_002,BrandC T-Shirt,clothing,BrandC,107.59,31,117,2025-08-23,3.2
clothing_002,BrandC T-Shirt,clothing,BrandC,107.14,48,290,2025-08-24,4.0
clothing_002,BrandC T-Shirt,clothing,BrandC,100.48,7,39,2025-08-25,4.1
clothing_002,BrandC T-Shirt,clothing,BrandC,103.22,41,321,2025-08-26,5.0
clothing_002,BrandC T-Shirt,clothing,BrandC,114.77,43,263,2025-08-27,4.7
clothing_002,BrandC T-Shirt,clothing,BrandC,105.35,20,66,2025-08-28,3.8
clothing_002,BrandC T-Shirt,clothing,BrandC,96.57,27,193,2025-08-29,4.8
clothing_002,BrandC T-Shirt,clothing,BrandC,110.89,25,102,2025-08-30,4.4
clothing_002,BrandC T-Shirt,clothing,BrandC,96.8,29,101,2025-08-31,3.7
clothing_002,BrandC T-Shirt,clothing,BrandC,96.55,18,97,2025-09-01,4.5
clothing_002,BrandC T-Shirt,clothing,BrandC,108.52,35,213,2025-09-02,3.5
clothing_002,BrandC T-Shirt,clothing,BrandC,102.11,3,15,2025-09-03,3.9
clothing_002,BrandC T-Shirt,clothing,BrandC,94.89,6,45,2025-09-04,4.8
clothing_002,BrandC T-Shirt,clothing,BrandC,109.57,5,14,2025-09-05,3.4
clothing_002,BrandC T-Shirt,clothing,BrandC,104.53,42,314,2025-09-06,4.9
clothing_002,BrandC T-Shirt,clothing,BrandC,108.57,7,28,2025-09-07,3.3
clothing_002,BrandC T-Shirt,clothing,BrandC,98.57,17,61,2025-09-08,3.7
clothing_002,BrandC T-Shirt,clothing,BrandC,103.32,3,11,2025-09-09,3.8
clothing_002,BrandC T-Shirt,clothing,BrandC,96.93,10,24,2025-09-10,4.9
clothing_003,BrandD Dress,clothing,BrandD,204.0,43,309,2025-08-12,3.1
clothing_003,BrandD Dress,clothing,BrandD,217.92,25,198,2025-08-13,3.3
clothing_003,BrandD Dress,clothing,BrandD,199.62,41,289,2025-08-14,4.7
clothing_003,BrandD Dress,clothing,BrandD,191.37,9,21,2025-08-15,4.7
clothing_003,BrandD Dress,clothing,BrandD,227.72,25,191,2025-08-16,4.7
clothing_003,BrandD Dress,clothing,BrandD,224.17,4,30,2025-08-17,4.2
clothing_003,BrandD Dress,clothing,BrandD,226.68,16,66,2025-08-18,3.2
clothing_003,BrandD Dress,clothing,BrandD,221.44,35,179,2025-08-19,4.7
clothing_003,BrandD Dress,clothing,BrandD,241.74,36,159,2025-08-20,3.3
clothing_003,BrandD Dress,clothing,BrandD,235.36,10,28,2025-08-21,3.0
clothing_003,BrandD Dress,clothing,BrandD,230.55,9,41,2025-08-22,4.8
clothing_003,BrandD Dress,clothing,BrandD,229.9,14,61,2025-08-23,4.2
clothing_003,BrandD Dress,clothing,BrandD,208.66,16,126,2025-08-24,4.0
clothing_003,BrandD Dress,clothing,BrandD,231.27,7,17,2025-08-25,3.3
clothing_003,BrandD Dress,clothing,BrandD,222.83,6,24,2025-08-26,4.8
clothing_003,BrandD Dress,clothing,BrandD,241.67,7,22,2025-08-27,3.1
clothing_003,BrandD Dress,clothing,BrandD,212.82,7,17,2025-08-28,3.2
clothing_003,BrandD Dress,clothing,BrandD,202.73,13,65,2025-08-29,4.4
clothing_003,BrandD Dress,clothing,BrandD,219.86,29,218,2025-08-30,3.1
clothing_003,BrandD Dress,clothing,BrandD,237.17,20,62,2025-08-31,3.4
clothing_003,BrandD Dress,clothing,BrandD,215.67,11,46,2025-09-01,3.9
clothing_003,BrandD Dress,clothing,BrandD,228.24,22,111,2025-09-02,4.1
clothing_003,BrandD Dress,clothing,BrandD,217.31,15,51,2025-09-03,3.5
clothing_003,BrandD Dress,clothing,BrandD,216.65,12,39,2025-09-04,3.7
clothing_003,BrandD Dress,clothing,BrandD,237.57,29,144,2025-09-05,3.2
clothing_003,BrandD Dress,clothing,BrandD,254.16,26,119,2025-09-06,3.3
clothing_003,BrandD Dress,clothing,BrandD,217.89,15,81,2025-09-07,3.7
clothing_003,BrandD Dress,clothing,BrandD,219.05,10,26,2025-09-08,3.3
clothing_003,BrandD Dress,clothing,BrandD,211.48,7,25,2025-09-09,3.3
clothing_003,BrandD Dress,clothing,BrandD,190.81,38,101,2025-09-10,3.8
clothing_004,BrandE Jacket,clothing,BrandE,21.04,40,277,2025-08-12,4.4
clothing_004,BrandE Jacket,clothing,BrandE,19.18,65,209,2025-08-13,4.9
clothing_004,BrandE Jacket,clothing,BrandE,20.08,42,217,2025-08-14,4.4
clothing_004,BrandE Jacket,clothing,BrandE,20.83,28,212,2025-08-15,3.6
clothing_004,BrandE Jacket,clothing,BrandE,20.06,31,164,2025-08-16,4.1
clothing_004,BrandE Jacket,clothing,BrandE,22.59,7,19,2025-08-17,3.0
clothing_004,BrandE Jacket,clothing,BrandE,20.98,25,169,2025-08-18,3.2
clothing_004,BrandE Jacket,clothing,BrandE,21.54,26,197,2025-08-19,5.0
clothing_004,BrandE Jacket,clothing,BrandE,20.51,35,221,2025-08-20,3.1
clothing_004,BrandE Jacket,clothing,BrandE,21.68,42,285,2025-08-21,4.7
clothing_004,BrandE Jacket,clothing,BrandE,20.44,28,208,2025-08-22,3.6
clothing_004,BrandE Jacket,clothing,BrandE,23.75,29,182,2025-08-23,4.8
clothing_004,BrandE Jacket,clothing,BrandE,22.67,35,191,2025-08-24,3.7
clothing_004,BrandE Jacket,clothing,BrandE,21.79,4,13,2025-08-25,4.1
clothing_004,BrandE Jacket,clothing,BrandE,19.05,32,197,2025-08-26,3.3
clothing_004,BrandE Jacket,clothing,BrandE,21.04,46,250,2025-08-27,5.0
clothing_004,BrandE Jacket,clothing,BrandE,21.94,47,134,2025-08-28,3.4
clothing_004,BrandE Jacket,clothing,BrandE,21.0,53,138,2025-08-29,4.1
clothing_004,BrandE Jacket,clothing,BrandE,21.08,18,90,2025-08-30,4.1
clothing_004,BrandE Jacket,clothing,BrandE,19.15,36,74,2025-08-31,4.2
clothing_004,BrandE Jacket,clothing,BrandE,22.89,35,243,2025-09-01,4.9
clothing_004,BrandE Jacket,clothing,BrandE,19.79,20,74,2025-09-02,4.2
clothing_004,BrandE Jacket,clothing,BrandE,20.77,34,188,2025-09-03,3.2
clothing_004,BrandE Jacket,clothing,BrandE,20.41,10,24,2025-09-04,3.2
clothing_004,BrandE Jacket,clothing,BrandE,20.7,11,34,2025-09-05,4.7
clothing_004,BrandE Jacket,clothing,BrandE,20.59,11,62,2025-09-06,3.8
clothing_004,BrandE Jacket,clothing,BrandE,21.06,45,253,2025-09-07,3.2
clothing_004,BrandE Jacket,clothing,BrandE,22.18,44,210,2025-09-08,4.0
clothing_004,BrandE Jacket,clothing,BrandE,21.23,7,52,2025-09-09,3.5
clothing_004,BrandE Jacket,clothing,BrandE,19.77,6,23,2025-09-10,4.6
clothing_005,BrandF Sweater,clothing,BrandF,80.31,30,142,2025-08-12,4.1
clothing_005,BrandF Sweater,clothing,BrandF,80.44,14,53,2025-08-13,3.6
clothing_005,BrandF Sweater,clothing,BrandF,74.43,22,90,2025-08-14,3.9
clothing_005,BrandF Sweater,clothing,BrandF,74.14,49,270,2025-08-15,3.6
clothing_005,BrandF Sweater,clothing,BrandF,84.22,35,171,2025-08-16,4.0
clothing_005,BrandF Sweater,clothing,BrandF,81.8,18,44,2025-08-17,4.5
clothing_005,BrandF Sweater,clothing,BrandF,82.09,24,163,2025-08-18,5.0
clothing_005,BrandF Sweater,clothing,BrandF,84.98,8,25,2025-08-19,4.0
clothing_005,BrandF Sweater,clothing,BrandF,73.02,33,241,2025-08-20,4.1
clothing_005,BrandF Sweater,clothing,BrandF,83.51,49,275,2025-08-21,4.6
clothing_005,BrandF Sweater,clothing,BrandF,78.87,13,32,2025-08-22,4.3
clothing_005,BrandF Sweater,clothing,BrandF,86.07,10,72,2025-08-23,4.3
clothing_005,BrandF Sweater,clothing,BrandF,85.41,30,120,2025-08-24,4.7
clothing_005,BrandF Sweater,clothing,BrandF,78.65,37,150,2025-08-25,4.5
clothing_005,BrandF Sweater,clothing,BrandF,83.87,12,94,2025-08-26,4.6
clothing_005,BrandF Sweater,clothing,BrandF,80.67,35,168,2025-08-27,3.4
clothing_005,BrandF Sweater,clothing,BrandF,89.29,14,86,2025-08-28,3.8
clothing_005,BrandF Sweater,clothing,BrandF,82.51,16,44,2025-08-29,4.8
clothing_005,BrandF Sweater,clothing,BrandF,87.76,45,233,2025-08-30,4.6
clothing_005,BrandF Sweater,clothing,BrandF,80.16,20,99,2025-08-31,4.4
clothing_005,BrandF Sweater,clothing,BrandF,76.33,27,94,2025-09-01,4.3
clothing_005,BrandF Sweater,clothing,BrandF,91.26,35,154,2025-09-02,4.5
clothing_005,BrandF Sweater,clothing,BrandF,72.42,34,105,2025-09-03,3.2
clothing_005,BrandF Sweater,clothing,BrandF,79.08,51,322,2025-09-04,4.2
clothing_005,BrandF Sweater,clothing,BrandF,79.47,47,132,2025-09-05,4.0
clothing_005,BrandF Sweater,clothing,BrandF,84.48,7,49,2025-09-06,4.7
clothing_005,BrandF Sweater,clothing,BrandF,81.3,26,106,2025-09-07,3.8
clothing_005,BrandF Sweater,clothing,BrandF,83.13,30,73,2025-09-08,3.2
clothing_005,BrandF Sweater,clothing,BrandF,84.02,37,249,2025-09-09,4.4
clothing_005,BrandF Sweater,clothing,BrandF,76.45,43,281,2025-09-10,4.3
clothing_006,BrandG T-Shirt,clothing,BrandG,208.9,11,54,2025-08-12,3.4
clothing_006,BrandG T-Shirt,clothing,BrandG,208.74,4,24,2025-08-13,3.6
clothing_006,BrandG T-Shirt,clothing,BrandG,199.97,33,233,2025-08-14,3.6
clothing_006,BrandG T-Shirt,clothing,BrandG,186.01,8,19,2025-08-15,4.4
clothing_006,BrandG T-Shirt,clothing,BrandG,221.39,4,15,2025-08-16,4.1
clothing_006,BrandG T-Shirt,clothing,BrandG,201.9,27,197,2025-08-17,4.2
clothing_006,BrandG T-Shirt,clothing,BrandG,201.21,38,258,2025-08-18,5.0
clothing_006,BrandG T-Shirt,clothing,BrandG,212.87,13,63,2025-08-19,4.3
clothing_006,BrandG T-Shirt,clothing,BrandG,195.82,21,134,2025-08-20,3.5
clothing_006,BrandG T-Shirt,clothing,BrandG,197.3,10,37,2025-08-21,3.5
clothing_006,BrandG T-Shirt,clothing,BrandG,200.02,15,91,2025-08-22,3.4
clothing_006,BrandG T-Shirt,clothing,BrandG,206.85,24,184,2025-08-23,3.9
clothing_006,BrandG T-Shirt,clothing,BrandG,197.07,36,122,2025-08-24,4.9
clothing_006,BrandG T-Shirt,clothing,BrandG,212.3,24,81,2025-08-25,3.4
clothing_006,BrandG T-Shirt,clothing,BrandG,194.0,24,98,2025-08-26,3.1
clothing_006,BrandG T-Shirt,clothing,BrandG,196.55,20,123,2025-08-27,3.3
clothing_006,BrandG T-Shirt,clothing,BrandG,194.72,11,57,2025-08-28,4.2
clothing_006,BrandG T-Shirt,clothing,BrandG,191.78,31,111,2025-08-29,3.3
clothing_006,BrandG T-Shirt,clothing,BrandG,211.47,24,127,2025-08-30,3.2
clothing_006,BrandG T-Shirt,clothing,BrandG,190.67,8,50,2025-08-31,4.0
clothing_006,BrandG T-Shirt,clothing,BrandG,195.08,31,154,2025-09-01,4.0
clothing_006,BrandG T-Shirt,clothing,BrandG,212.7,14,84,2025-09-02,4.1
clothing_006,BrandG T-Shirt,clothing,BrandG,206.34,25,148,2025-09-03,4.7
clothing_006,BrandG T-Shirt,clothing,BrandG,204.52,32,197,2025-09-04,4.4
clothing_006,BrandG T-Shirt,clothing,BrandG,214.5,8,58,2025-09-05,4.7
clothing_006,BrandG T-Shirt,clothing,BrandG,204.76,21,62,2025-09-06,4.6
clothing_006,BrandG T-Shirt,clothing,BrandG,208.84,4,14,2025-09-07,4.2
clothing_006,BrandG T-Shirt,clothing,BrandG,200.62,11,63,2025-09-08,4.1
clothing_006,BrandG T-Shirt,clothing,BrandG,197.22,28,146,2025-09-09,4.9
clothing_006,BrandG T-Shirt,clothing,BrandG,212.73,21,54,2025-09-10,4.9
clothing_007,BrandH Jacket,clothing,BrandH,40.31,6,32,2025-08-12,3.7
clothing_007,BrandH Jacket,clothing,BrandH,37.28,43,337,2025-08-13,4.9
clothing_007,BrandH Jacket,clothing,BrandH,37.12,40,85,2025-08-14,3.0
clothing_007,BrandH Jacket,clothing,BrandH,37.96,22,134,2025-08-15,3.9
clothing_007,BrandH Jacket,clothing,BrandH,36.95,6,40,2025-08-16,4.4
clothing_007,BrandH Jacket,clothing,BrandH,41.96,20,154,2025-08-17,3.3
clothing_007,BrandH Jacket,clothing,BrandH,39.48,22,128,2025-08-18,3.8
clothing_007,BrandH Jacket,clothing,BrandH,39.97,14,45,2025-08-19,3.1
clothing_007,BrandH Jacket,clothing,BrandH,35.77,54,261,2025-08-20,4.9
clothing_007,BrandH Jacket,clothing,BrandH,38.74,36,238,2025-08-21,4.7
clothing_007,BrandH Jacket,clothing,BrandH,39.47,13,28,2025-08-22,4.8
clothing_007,BrandH Jacket,clothing,BrandH,42.21,28,75,2025-08-23,3.3
clothing_007,BrandH Jacket,clothing,BrandH,38.46,18,89,2025-08-24,3.1
clothing_007,BrandH Jacket,clothing,BrandH,35.11,44,169,2025-08-25,3.9
clothing_007,BrandH Jacket,clothing,BrandH,37.33,15,56,2025-08-26,4.4
clothing_007,BrandH Jacket,clothing,BrandH,38.94,7,34,2025-08-27,3.2
clothing_007,BrandH Jacket,clothing,BrandH,38.21,24,149,2025-08-28,4.1
clothing_007,BrandH Jacket,clothing,BrandH,36.51,20,43,2025-08-29,3.2
clothing_007,BrandH Jacket,clothing,BrandH,37.82,27,165,2025-08-30,4.6
clothing_007,BrandH Jacket,clothing,BrandH,38.81,8,46,2025-08-31,4.4
clothing_007,BrandH Jacket,clothing,BrandH,38.33,31,224,2025-09-01,4.4
clothing_007,BrandH Jacket,clothing,BrandH,37.08,49,121,2025-09-02,4.8
clothing_007,BrandH Jacket,clothing,BrandH,40.78,25,146,2025-09-03,4.1
clothing_007,BrandH Jacket,clothing,BrandH,37.49,7,24,2025-09-04,3.3
clothing_007,BrandH Jacket,clothing,BrandH,37.59,51,205,2025-09-05,3.4
clothing_007,BrandH Jacket,clothing,BrandH,40.98,32,170,2025-09-06,4.4
clothing_007,BrandH Jacket,clothing,BrandH,39.85,13,79,2025-09-07,3.1
clothing_007,BrandH Jacket,clothing,BrandH,40.34,35,225,2025-09-08,3.9
clothing_007,BrandH Jacket,clothing,BrandH,35.82,33,73,2025-09-09,4.7
clothing_007,BrandH Jacket,clothing,BrandH,35.17,51,250,2025-09-10,4.7
clothing_008,BrandI Jeans,clothing,BrandI,226.44,10,47,2025-08-12,4.7
clothing_008,BrandI Jeans,clothing,BrandI,246.25,11,61,2025-08-13,4.3
clothing_008,BrandI Jeans,clothing,BrandI,239.98,7,16,2025-08-14,3.9
clothing_008,BrandI Jeans,clothing,BrandI,234.77,16,87,2025-08-15,4.3
clothing_008,BrandI Jeans,clothing,BrandI,250.11,9,39,2025-08-16,4.7
clothing_008,BrandI Jeans,clothing,BrandI,247.07,18,78,2025-08-17,3.5
clothing_008,BrandI Jeans,clothing,BrandI,242.43,14,55,2025-08-18,3.9
clothing_008,BrandI Jeans,clothing,BrandI,226.45,17,93,2025-08-19,4.9
clothing_008,BrandI Jeans,clothing,BrandI,228.21,10,56,2025-08-20,3.7
clothing_008,BrandI Jeans,clothing,BrandI,255.27,22,102,2025-08-21,4.7
clothing_008,BrandI Jeans,clothing,BrandI,256.36,5,39,2025-08-22,3.2
clothing_008,BrandI Jeans,clothing,BrandI,231.89,9,22,2025-08-23,3.2
clothing_008,BrandI Jeans,clothing,BrandI,267.63,14,68,2025-08-24,4.4
clothing_008,BrandI Jeans,clothing,BrandI,238.01,10,51,2025-08-25,3.7
clothing_008,BrandI Jeans,clothing,BrandI,224.29,7,20,2025-08-26,4.9
clothing_008,BrandI Jeans,clothing,BrandI,228.32,9,57,2025-08-27,3.3
clothing_008,BrandI Jeans,clothing,BrandI,246.93,22,93,2025-08-28,3.0
clothing_008,BrandI Jeans,clothing,BrandI,245.28,23,152,2025-08-29,3.2
clothing_008,BrandI Jeans,clothing,BrandI,254.35,25,150,2025-08-30,4.2
clothing_008,BrandI Jeans,clothing,BrandI,234.89,18,70,2025-08-31,4.7
clothing_008,BrandI Jeans,clothing,BrandI,234.02,5,29,2025-09-01,4.5
clothing_008,BrandI Jeans,clothing,BrandI,235.84,32,232,2025-09-02,3.6
clothing_008,BrandI Jeans,clothing,BrandI,233.32,13,76,2025-09-03,3.7
clothing_008,BrandI Jeans,clothing,BrandI,253.38,23,98,2025-09-04,4.1
clothing_008,BrandI Jeans,clothing,BrandI,250.06,21,43,2025-09-05,4.2
clothing_008,BrandI Jeans,clothing,BrandI,252.33,18,90,2025-09-06,4.1
clothing_008,BrandI Jeans,clothing,BrandI,227.13,17,74,2025-09-07,4.1
clothing_008,BrandI Jeans,clothing,BrandI,247.53,20,138,2025-09-08,3.9
clothing_008,BrandI Jeans,clothing,BrandI,238.75,14,44,2025-09-09,4.0
clothing_008,BrandI Jeans,clothing,BrandI,231.54,18,92,2025-09-10,4.3
clothing_009,BrandJ Dress,clothing,BrandJ,181.33,14,110,2025-08-12,4.6
clothing_009,BrandJ Dress,clothing,BrandJ,169.34,32,217,2025-08-13,3.4
clothing_009,BrandJ Dress,clothing,BrandJ,187.67,8,60,2025-08-14,3.8
clothing_009,BrandJ Dress,clothing,BrandJ,183.36,3,10,2025-08-15,4.3
clothing_009,BrandJ Dress,clothing,BrandJ,209.57,29,170,2025-08-16,3.3
clothing_009,BrandJ Dress,clothing,BrandJ,193.07,26,138,2025-08-17,3.5
clothing_009,BrandJ Dress,clothing,BrandJ,188.78,24,144,2025-08-18,4.6
clothing_009,BrandJ Dress,clothing,BrandJ,173.82,18,52,2025-08-19,3.5
clothing_009,BrandJ Dress,clothing,BrandJ,178.27,25,76,2025-08-20,3.6
clothing_009,BrandJ Dress,clothing,BrandJ,172.61,21,74,2025-08-21,4.3
clothing_009,BrandJ Dress,clothing,BrandJ,185.1,17,79,2025-08-22,3.9
clothing_009,BrandJ Dress,clothing,BrandJ,195.84,19,76,2025-08-23,4.8
clothing_009,BrandJ Dress,clothing,BrandJ,179.48,28,156,2025-08-24,3.8
clothing_009,BrandJ Dress,clothing,BrandJ,165.88,18,83,2025-08-25,4.7
clothing_009,BrandJ Dress,clothing,BrandJ,174.25,25,90,2025-08-26,4.2
clothing_009,BrandJ Dress,clothing,BrandJ,169.0,21,65,2025-08-27,3.1
clothing_009,BrandJ Dress,clothing,BrandJ,165.31,27,126,2025-08-28,3.7
clothing_009,BrandJ Dress,clothing,BrandJ,171.47,36,209,2025-08-29,4.5
clothing_009,BrandJ Dress,clothing,BrandJ,183.33,12,83,2025-08-30,3.0
clothing_009,BrandJ Dress,clothing,BrandJ,164.98,6,47,2025-08-31,3.0
clothing_009,BrandJ Dress,clothing,BrandJ,186.91,12,72,2025-09-01,3.2
clothing_009,BrandJ Dress,clothing,BrandJ,186.44,26,146,2025-09-02,4.0
clothing_009,BrandJ Dress,clothing,BrandJ,176.35,13,55,2025-09-03,3.7
clothing_009,BrandJ Dress,clothing,BrandJ,179.56,20,73,2025-09-04,4.9
clothing_009,BrandJ Dress,clothing,BrandJ,182.34,27,117,2025-09-05,4.0
clothing_009,BrandJ Dress,clothing,BrandJ,194.41,12,72,2025-09-06,4.1
clothing_009,BrandJ Dress,clothing,BrandJ,179.89,11,76,2025-09-07,3.6
clothing_009,BrandJ Dress,clothing,BrandJ,185.51,22,107,2025-09-08,3.6
clothing_009,BrandJ Dress,clothing,BrandJ,169.66,35,244,2025-09-09,3.6
clothing_009,BrandJ Dress,clothing,BrandJ,171.71,20,100,2025-09-10,3.5
clothing_010,BrandA Jacket,clothing,BrandA,142.23,9,51,2025-08-12,4.3
clothing_010,BrandA Jacket,clothing,BrandA,138.68,7,55,2025-08-13,3.1
clothing_010,BrandA Jacket,clothing,BrandA,136.17,7,26,2025-08-14,3.2
clothing_010,BrandA Jacket,clothing,BrandA,137.43,22,175,2025-08-15,4.6
clothing_010,BrandA Jacket,clothing,BrandA,134.95,31,160,2025-08-16,3.9
clothing_010,BrandA Jacket,clothing,BrandA,136.15,16,71,2025-08-17,4.7
clothing_010,BrandA Jacket,clothing,BrandA,146.49,4,17,2025-08-18,4.0
clothing_010,BrandA Jacket,clothing,BrandA,136.29,24,78,2025-08-19,3.0
clothing_010,BrandA Jacket,clothing,BrandA,133.09,23,108,2025-08-20,4.7
clothing_010,BrandA Jacket,clothing,BrandA,140.01,7,27,2025-08-21,4.5
clothing_010,BrandA Jacket,clothing,BrandA,123.73,16,76,2025-08-22,4.6
clothing_010,BrandA Jacket,clothing,BrandA,141.14,34,157,2025-08-23,3.5
clothing_010,BrandA Jacket,clothing,BrandA,145.29,30,178,2025-08-24,4.8
clothing_010,BrandA Jacket,clothing,BrandA,149.51,8,40,2025-08-25,3.3
clothing_010,BrandA Jacket,clothing,BrandA,140.84,37,83,2025-08-26,3.2
clothing_010,BrandA Jacket,clothing,BrandA,137.59,6,12,2025-08-27,4.9
clothing_010,BrandA Jacket,clothing,BrandA,134.46,18,73,2025-08-28,4.5
clothing_010,BrandA Jacket,clothing,BrandA,132.71,11,28,2025-08-29,4.3
clothing_010,BrandA Jacket,clothing,BrandA,140.33,5,12,2025-08-30,4.9
clothing_010,BrandA Jacket,clothing,BrandA,153.05,21,90,2025-08-31,3.4
clothing_010,BrandA Jacket,clothing,BrandA,142.21,25,146,2025-09-01,4.1
clothing_010,BrandA Jacket,clothing,BrandA,135.6,46,258,2025-09-02,4.2
clothing_010,BrandA Jacket,clothing,BrandA,145.54,29,80,2025-09-03,3.7
clothing_010,BrandA Jacket,clothing,BrandA,132.73,12,68,2025-09-04,4.9
clothing_010,BrandA Jacket,clothing,BrandA,136.74,10,73,2025-09-05,4.3
clothing_010,BrandA Jacket,clothing,BrandA,152.08,29,205,2025-09-06,4.8
clothing_010,BrandA Jacket,clothing,BrandA,151.92,16,112,2025-09-07,4.5
clothing_010,BrandA Jacket,clothing,BrandA,144.94,12,63,2025-09-08,5.0
clothing_010,BrandA Jacket,clothing,BrandA,139.53,29,200,2025-09-09,3.4
clothing_010,BrandA Jacket,clothing,BrandA,149.06,29,152,2025-09-10,4.2
clothing_011,BrandB Skirt,clothing,BrandB,189.07,25,115,2025-08-12,3.3
clothing_011,BrandB Skirt,clothing,BrandB,200.21,27,196,2025-08-13,3.6
clothing_011,BrandB Skirt,clothing,BrandB,189.86,23,88,2025-08-14,4.5
clothing_011,BrandB Skirt,clothing,BrandB,191.66,30,127,2025-08-15,4.1
clothing_011,BrandB Skirt,clothing,BrandB,206.62,29,202,2025-08-16,3.0
clothing_011,BrandB Skirt,clothing,BrandB,203.08,27,176,2025-08-17,4.7
clothing_011,BrandB Skirt,clothing,BrandB,189.73,2,10,2025-08-18,4.3
clothing_011,BrandB Skirt,clothing,BrandB,181.03,9,53,2025-08-19,3.0
clothing_011,BrandB Skirt,clothing,BrandB,183.75,14,61,2025-08-20,4.7
clothing_011,BrandB Skirt,clothing,BrandB,204.66,6,20,2025-08-21,4.4
clothing_011,BrandB Skirt,clothing,BrandB,187.33,19,106,2025-08-22,3.0
clothing_011,BrandB Skirt,clothing,BrandB,205.6,5,30,2025-08-23,4.5
clothing_011,BrandB Skirt,clothing,BrandB,195.95,18,49,2025-08-24,4.5
clothing_011,BrandB Skirt,clothing,BrandB,181.41,4,27,2025-08-25,4.5
clothing_011,BrandB Skirt,clothing,BrandB,178.84,11,64,2025-08-26,4.0
clothing_011,BrandB Skirt,clothing,BrandB,192.73,27,175,2025-08-27,4.5
clothing_011,BrandB Skirt,clothing,BrandB,190.92,8,49,2025-08-28,4.2
clothing_011,BrandB Skirt,clothing,BrandB,203.59,36,241,2025-08-29,3.1
clothing_011,BrandB Skirt,clothing,BrandB,191.23,16,76,2025-08-30,4.0
clothing_011,BrandB Skirt,clothing,BrandB,201.81,24,138,2025-08-31,3.1
clothing_011,BrandB Skirt,clothing,BrandB,184.89,26,125,2025-09-01,3.0
clothing_011,BrandB Skirt,clothing,BrandB,196.0,28,118,2025-09-02,3.9
clothing_011,BrandB Skirt,clothing,BrandB,182.92,9,64,2025-09-03,3.1
clothing_011,BrandB Skirt,clothing,BrandB,197.59,19,73,2025-09-04,4.5
clothing_011,BrandB Skirt,clothing,BrandB,186.07,25,132,2025-09-05,3.3
clothing_011,BrandB Skirt,clothing,BrandB,192.7,34,228,2025-09-06,4.2
clothing_011,BrandB Skirt,clothing,BrandB,199.08,7,44,2025-09-07,3.4
clothing_011,BrandB Skirt,clothing,BrandB,175.37,27,210,2025-09-08,3.4
clothing_011,BrandB Skirt,clothing,BrandB,179.64,24,126,2025-09-09,5.0
clothing_011,BrandB Skirt,clothing,BrandB,182.81,15,101,2025-09-10,4.1
clothing_012,BrandC Jeans,clothing,BrandC,39.73,4,30,2025-08-12,4.7
clothing_012,BrandC Jeans,clothing,BrandC,41.06,31,183,2025-08-13,4.1
clothing_012,BrandC Jeans,clothing,BrandC,42.07,33,156,2025-08-14,3.1
clothing_012,BrandC Jeans,clothing,BrandC,40.68,17,50,2025-08-15,3.7
clothing_012,BrandC Jeans,clothing,BrandC,44.0,18,130,2025-08-16,4.8
clothing_012,BrandC Jeans,clothing,BrandC,42.97,26,205,2025-08-17,4.5
clothing_012,BrandC Jeans,clothing,BrandC,43.92,27,134,2025-08-18,3.2
clothing_012,BrandC Jeans,clothing,BrandC,44.25,23,153,2025-08-19,4.9
clothing_012,BrandC Jeans,clothing,BrandC,42.27,12,81,2025-08-20,4.2
clothing_012,BrandC Jeans,clothing,BrandC,44.57,24,179,2025-08-21,4.1
clothing_012,BrandC Jeans,clothing,BrandC,43.06,32,124,2025-08-22,4.7
clothing_012,BrandC Jeans,clothing,BrandC,43.17,51,145,2025-08-23,3.4
clothing_012,BrandC Jeans,clothing,BrandC,41.69,25,142,2025-08-24,3.2
clothing_012,BrandC Jeans,clothing,BrandC,42.44,27,210,2025-08-25,3.8
clothing_012,BrandC Jeans,clothing,BrandC,39.75,46,209,2025-08-26,3.3
clothing_012,BrandC Jeans,clothing,BrandC,42.1,26,164,2025-08-27,4.8
clothing_012,BrandC Jeans,clothing,BrandC,42.44,11,78,2025-08-28,4.6
clothing_012,BrandC Jeans,clothing,BrandC,45.9,19,91,2025-08-29,4.6
clothing_012,BrandC Jeans,clothing,BrandC,39.19,23,160,2025-08-30,3.7
clothing_012,BrandC Jeans,clothing,BrandC,44.91,33,85,2025-08-31,3.5
clothing_012,BrandC Jeans,clothing,BrandC,41.19,19,123,2025-09-01,4.3
clothing_012,BrandC Jeans,clothing,BrandC,38.77,51,246,2025-09-02,5.0
clothing_012,BrandC Jeans,clothing,BrandC,40.09,36,142,2025-09-03,4.4
clothing_012,BrandC Jeans,clothing,BrandC,41.16,45,165,2025-09-04,4.3
clothing_012,BrandC Jeans,clothing,BrandC,42.3,24,78,2025-09-05,3.1
clothing_012,BrandC Jeans,clothing,BrandC,45.95,33,238,2025-09-06,4.5
clothing_012,BrandC Jeans,clothing,BrandC,45.1,19,141,2025-09-07,4.3
clothing_012,BrandC Jeans,clothing,BrandC,39.95,24,114,2025-09-08,4.7
clothing_012,BrandC Jeans,clothing,BrandC,37.37,55,146,2025-09-09,3.8
clothing_012,BrandC Jeans,clothing,BrandC,41.55,45,168,2025-09-10,4.8
clothing_013,BrandD Sneakers,clothing,BrandD,222.32,29,150,2025-08-12,4.3
clothing_013,BrandD Sneakers,clothing,BrandD,195.61,6,14,2025-08-13,3.5
clothing_013,BrandD Sneakers,clothing,BrandD,212.42,10,69,2025-08-14,3.1
clothing_013,BrandD Sneakers,clothing,BrandD,219.54,16,38,2025-08-15,4.8
clothing_013,BrandD Sneakers,clothing,BrandD,216.27,15,119,2025-08-16,4.3
clothing_013,BrandD Sneakers,clothing,BrandD,233.49,11,50,2025-08-17,3.5
clothing_013,BrandD Sneakers,clothing,BrandD,215.31,28,98,2025-08-18,3.4
clothing_013,BrandD Sneakers,clothing,BrandD,230.07,17,37,2025-08-19,4.7
clothing_013,BrandD Sneakers,clothing,BrandD,199.4,13,38,2025-08-20,3.3
clothing_013,BrandD Sneakers,clothing,BrandD,210.66,30,175,2025-08-21,4.4
clothing_013,BrandD Sneakers,clothing,BrandD,207.58,24,187,2025-08-22,3.5
clothing_013,BrandD Sneakers,clothing,BrandD,217.88,20,72,2025-08-23,3.8
clothing_013,BrandD Sneakers,clothing,BrandD,221.27,26,89,2025-08-24,3.9
clothing_013,BrandD Sneakers,clothing,BrandD,196.22,10,48,2025-08-25,3.9
clothing_013,BrandD Sneakers,clothing,BrandD,238.3,15,106,2025-08-26,3.1
clothing_013,BrandD Sneakers,clothing,BrandD,214.71,12,57,2025-08-27,3.9
clothing_013,BrandD Sneakers,clothing,BrandD,206.18,3,11,2025-08-28,4.6
clothing_013,BrandD Sneakers,clothing,BrandD,220.66,16,116,2025-08-29,4.1
clothing_013,BrandD Sneakers,clothing,BrandD,219.43,26,77,2025-08-30,3.8
clothing_013,BrandD Sneakers,clothing,BrandD,226.37,23,81,2025-08-31,4.3
clothing_013,BrandD Sneakers,clothing,BrandD,222.84,24,151,2025-09-01,4.7
clothing_013,BrandD Sneakers,clothing,BrandD,207.42,25,170,2025-09-02,4.3
clothing_013,BrandD Sneakers,clothing,BrandD,213.58,16,118,2025-09-03,3.8
clothing_013,BrandD Sneakers,clothing,BrandD,223.73,12,70,2025-09-04,4.3
clothing_013,BrandD Sneakers,clothing,BrandD,214.0,21,59,2025-09-05,3.2
clothing_013,BrandD Sneakers,clothing,BrandD,216.87,20,128,2025-09-06,4.1
clothing_013,BrandD Sneakers,clothing,BrandD,226.15,21,98,2025-09-07,3.2
clothing_013,BrandD Sneakers,clothing,BrandD,220.11,25,82,2025-09-08,3.9
clothing_013,BrandD Sneakers,clothing,BrandD,222.8,13,32,2025-09-09,4.1
clothing_013,BrandD Sneakers,clothing,BrandD,214.32,11,47,2025-09-10,3.9
clothing_014,BrandE Coat,clothing,BrandE,143.44,11,61,2025-08-12,4.4
clothing_014,BrandE Coat,clothing,BrandE,130.92,13,59,2025-08-13,3.3
clothing_014,BrandE Coat,clothing,BrandE,135.7,10,21,2025-08-14,4.3
clothing_014,BrandE Coat,clothing,BrandE,127.93,8,35,2025-08-15,3.6
clothing_014,BrandE Coat,clothing,BrandE,150.28,21,69,2025-08-16,5.0
clothing_014,BrandE Coat,clothing,BrandE,156.79,7,34,2025-08-17,3.1
clothing_014,BrandE Coat,clothing,BrandE,141.7,17,37,2025-08-18,3.1
clothing_014,BrandE Coat,clothing,BrandE,130.14,4,26,2025-08-19,3.9
clothing_014,BrandE Coat,clothing,BrandE,141.81,7,54,2025-08-20,3.6
clothing_014,BrandE Coat,clothing,BrandE,139.55,39,308,2025-08-21,3.6
clothing_014,BrandE Coat,clothing,BrandE,137.11,19,76,2025-08-22,4.1
clothing_014,BrandE Coat,clothing,BrandE,144.78,17,111,2025-08-23,4.7
clothing_014,BrandE Coat,clothing,BrandE,130.82,11,34,2025-08-24,3.1
clothing_014,BrandE Coat,clothing,BrandE,128.99,32,171,2025-08-25,3.7
clothing_014,BrandE Coat,clothing,BrandE,130.32,21,120,2025-08-26,4.0
clothing_014,BrandE Coat,clothing,BrandE,139.92,28,160,2025-08-27,3.4
clothing_014,BrandE Coat,clothing,BrandE,134.59,20,105,2025-08-28,3.5
clothing_014,BrandE Coat,clothing,BrandE,139.73,46,128,2025-08-29,4.6
clothing_014,BrandE Coat,clothing,BrandE,145.38,12,87,2025-08-30,4.9
clothing_014,BrandE Coat,clothing,BrandE,142.61,29,142,2025-08-31,4.7
clothing_014,BrandE Coat,clothing,BrandE,125.39,18,57,2025-09-01,4.5
clothing_014,BrandE Coat,clothing,BrandE,139.55,11,60,2025-09-02,4.7
clothing_014,BrandE Coat,clothing,BrandE,137.48,35,230,2025-09-03,4.1
clothing_014,BrandE Coat,clothing,BrandE,146.06,33,78,2025-09-04,4.8
clothing_014,BrandE Coat,clothing,BrandE,142.04,10,75,2025-09-05,3.0
clothing_014,BrandE Coat,clothing,BrandE,157.25,26,160,2025-09-06,3.3
clothing_014,BrandE Coat,clothing,BrandE,136.65,23,84,2025-09-07,3.4
clothing_014,BrandE Coat,clothing,BrandE,134.09,5,32,2025-09-08,4.7
clothing_014,BrandE Coat,clothing,BrandE,133.35,33,218,2025-09-09,4.3
clothing_014,BrandE Coat,clothing,BrandE,141.97,27,68,2025-09-10,4.0
clothing_015,BrandF Jacket,clothing,BrandF,130.03,7,47,2025-08-12,4.9
clothing_015,BrandF Jacket,clothing,BrandF,118.62,7,35,2025-08-13,4.6
clothing_015,BrandF Jacket,clothing,BrandF,130.11,6,26,2025-08-14,3.6
clothing_015,BrandF Jacket,clothing,BrandF,126.16,27,204,2025-08-15,3.8
clothing_015,BrandF Jacket,clothing,BrandF,134.8,23,77,2025-08-16,4.3
clothing_015,BrandF Jacket,clothing,BrandF,137.07,17,100,2025-08-17,3.2
clothing_015,BrandF Jacket,clothing,BrandF,131.36,24,132,2025-08-18,4.2
clothing_015,BrandF Jacket,clothing,BrandF,132.71,11,69,2025-08-19,4.6
clothing_015,BrandF Jacket,clothing,BrandF,132.89,28,80,2025-08-20,4.6
clothing_015,BrandF Jacket,clothing,BrandF,131.14,9,25,2025-08-21,4.3
clothing_015,BrandF Jacket,clothing,BrandF,127.11,14,87,2025-08-22,3.1
clothing_015,BrandF Jacket,clothing,BrandF,142.2,12,31,2025-08-23,3.7
clothing_015,BrandF Jacket,clothing,BrandF,141.55,13,87,2025-08-24,4.8
clothing_015,BrandF Jacket,clothing,BrandF,137.01,16,124,2025-08-25,3.2
clothing_015,BrandF Jacket,clothing,BrandF,130.87,25,144,2025-08-26,4.4
clothing_015,BrandF Jacket,clothing,BrandF,137.78,47,308,2025-08-27,4.9
clothing_015,BrandF Jacket,clothing,BrandF,124.24,9,60,2025-08-28,4.3
clothing_015,BrandF Jacket,clothing,BrandF,130.38,35,175,2025-08-29,3.9
clothing_015,BrandF Jacket,clothing,BrandF,127.01,16,67,2025-08-30,3.1
clothing_015,BrandF Jacket,clothing,BrandF,133.63,43,305,2025-08-31,3.4
clothing_015,BrandF Jacket,clothing,BrandF,128.83,51,168,2025-09-01,4.4
clothing_015,BrandF Jacket,clothing,BrandF,120.9,10,59,2025-09-02,4.5
clothing_015,BrandF Jacket,clothing,BrandF,138.51,13,81,2025-09-03,3.4
clothing_015,BrandF Jacket,clothing,BrandF,129.11,19,44,2025-09-04,3.2
clothing_015,BrandF Jacket,clothing,BrandF,119.63,35,73,2025-09-05,3.8
clothing_015,BrandF Jacket,clothing,BrandF,135.14,17,75,2025-09-06,4.1
clothing_015,BrandF Jacket,clothing,BrandF,136.15,20,155,2025-09-07,4.0
clothing_015,BrandF Jacket,clothing,BrandF,123.4,39,258,2025-09-08,4.0
clothing_015,BrandF Jacket,clothing,BrandF,129.72,14,29,2025-09-09,3.6
clothing_015,BrandF Jacket,clothing,BrandF,131.99,21,88,2025-09-10,3.0
clothing_016,BrandG Shoes,clothing,BrandG,203.72,19,83,2025-08-12,3.6
clothing_016,BrandG Shoes,clothing,BrandG,195.95,17,82,2025-08-13,3.1
clothing_016,BrandG Shoes,clothing,BrandG,202.39,5,20,2025-08-14,3.5
clothing_016,BrandG Shoes,clothing,BrandG,193.22,21,140,2025-08-15,4.2
clothing_016,BrandG Shoes,clothing,BrandG,208.3,20,86,2025-08-16,4.3
clothing_016,BrandG Shoes,clothing,BrandG,196.88,23,86,2025-08-17,3.9
clothing_016,BrandG Shoes,clothing,BrandG,200.31,5,14,2025-08-18,3.0
clothing_016,BrandG Shoes,clothing,BrandG,188.59,10,77,2025-08-19,4.1
clothing_016,BrandG Shoes,clothing,BrandG,197.03,16,39,2025-08-20,3.5
clothing_016,BrandG Shoes,clothing,BrandG,195.18,25,114,2025-08-21,3.1
clothing_016,BrandG Shoes,clothing,BrandG,194.97,7,16,2025-08-22,4.7
clothing_016,BrandG Shoes,clothing,BrandG,200.71,36,114,2025-08-23,4.9
clothing_016,BrandG Shoes,clothing,BrandG,205.51,11,50,2025-08-24,4.2
clothing_016,BrandG Shoes,clothing,BrandG,198.89,29,91,2025-08-25,4.6
clothing_016,BrandG Shoes,clothing,BrandG,197.26,37,242,2025-08-26,3.3
clothing_016,BrandG Shoes,clothing,BrandG,215.12,10,58,2025-08-27,4.3
clothing_016,BrandG Shoes,clothing,BrandG,199.32,20,99,2025-08-28,3.0
clothing_016,BrandG Shoes,clothing,BrandG,184.42,15,106,2025-08-29,4.5
clothing_016,BrandG Shoes,clothing,BrandG,203.48,3,14,2025-08-30,4.3
clothing_016,BrandG Shoes,clothing,BrandG,201.43,13,97,2025-08-31,5.0
clothing_016,BrandG Shoes,clothing,BrandG,183.48,18,135,2025-09-01,4.9
clothing_016,BrandG Shoes,clothing,BrandG,178.23,34,119,2025-09-02,4.1
clothing_016,BrandG Shoes,clothing,BrandG,210.84,7,22,2025-09-03,4.8
clothing_016,BrandG Shoes,clothing,BrandG,197.13,8,17,2025-09-04,3.1
clothing_016,BrandG Shoes,clothing,BrandG,199.14,11,84,2025-09-05,4.2
clothing_016,BrandG Shoes,clothing,BrandG,224.89,12,78,2025-09-06,3.6
clothing_016,BrandG Shoes,clothing,BrandG,212.86,29,213,2025-09-07,3.8
clothing_016,BrandG Shoes,clothing,BrandG,195.71,24,77,2025-09-08,4.2
clothing_016,BrandG Shoes,clothing,BrandG,191.45,23,74,2025-09-09,3.1
clothing_016,BrandG Shoes,clothing,BrandG,170.81,31,217,2025-09-10,3.7
clothing_017,BrandH Jeans,clothing,BrandH,244.49,15,71,2025-08-12,3.1
clothing_017,BrandH Jeans,clothing,BrandH,236.32,13,68,2025-08-13,4.1
clothing_017,BrandH Jeans,clothing,BrandH,224.27,13,82,2025-08-14,3.4
clothing_017,BrandH Jeans,clothing,BrandH,243.74,4,12,2025-08-15,3.6
clothing_017,BrandH Jeans,clothing,BrandH,251.04,17,111,2025-08-16,4.2
clothing_017,BrandH Jeans,clothing,BrandH,231.32,5,20,2025-08-17,5.0
clothing_017,BrandH Jeans,clothing,BrandH,215.67,23,120,2025-08-18,3.3
clothing_017,BrandH Jeans,clothing,BrandH,216.69,16,33,2025-08-19,3.5
clothing_017,BrandH Jeans,clothing,BrandH,211.27,22,107,2025-08-20,3.7
clothing_017,BrandH Jeans,clothing,BrandH,233.67,7,37,2025-08-21,4.6
clothing_017,BrandH Jeans,clothing,BrandH,221.93,34,159,2025-08-22,3.3
clothing_017,BrandH Jeans,clothing,BrandH,238.18,6,42,2025-08-23,3.7
clothing_017,BrandH Jeans,clothing,BrandH,237.07,19,55,2025-08-24,3.2
clothing_017,BrandH Jeans,clothing,BrandH,240.69,18,95,2025-08-25,3.6
clothing_017,BrandH Jeans,clothing,BrandH,247.24,4,29,2025-08-26,3.0
clothing_017,BrandH Jeans,clothing,BrandH,227.24,27,153,2025-08-27,4.7
clothing_017,BrandH Jeans,clothing,BrandH,233.52,13,81,2025-08-28,4.1
clothing_017,BrandH Jeans,clothing,BrandH,204.35,16,78,2025-08-29,3.2
clothing_017,BrandH Jeans,clothing,BrandH,243.64,22,126,2025-08-30,3.6
clothing_017,BrandH Jeans,clothing,BrandH,241.5,6,23,2025-08-31,4.9
clothing_017,BrandH Jeans,clothing,BrandH,216.04,9,28,2025-09-01,3.0
clothing_017,BrandH Jeans,clothing,BrandH,217.44,13,98,2025-09-02,3.9
clothing_017,BrandH Jeans,clothing,BrandH,235.09,11,45,2025-09-03,3.2
clothing_017,BrandH Jeans,clothing,BrandH,246.61,3,10,2025-09-04,3.8
clothing_017,BrandH Jeans,clothing,BrandH,225.34,27,181,2025-09-05,4.2
clothing_017,BrandH Jeans,clothing,BrandH,241.1,28,73,2025-09-06,4.1
clothing_017,BrandH Jeans,clothing,BrandH,241.95,8,43,2025-09-07,3.4
clothing_017,BrandH Jeans,clothing,BrandH,222.53,20,102,2025-09-08,4.5
clothing_017,BrandH Jeans,clothing,BrandH,241.44,30,85,2025-09-09,4.2
clothing_017,BrandH Jeans,clothing,BrandH,230.58,19,90,2025-09-10,3.2
clothing_018,BrandI Jeans,clothing,BrandI,96.82,24,135,2025-08-12,3.6
clothing_018,BrandI Jeans,clothing,BrandI,96.09,26,199,2025-08-13,3.2
clothing_018,BrandI Jeans,clothing,BrandI,95.59,13,71,2025-08-14,4.4
clothing_018,BrandI Jeans,clothing,BrandI,88.87,6,32,2025-08-15,3.5
clothing_018,BrandI Jeans,clothing,BrandI,99.48,19,133,2025-08-16,3.4
clothing_018,BrandI Jeans,clothing,BrandI,92.67,32,239,2025-08-17,3.9
clothing_018,BrandI Jeans,clothing,BrandI,90.9,22,45,2025-08-18,4.2
clothing_018,BrandI Jeans,clothing,BrandI,100.41,17,106,2025-08-19,3.2
clothing_018,BrandI Jeans,clothing,BrandI,94.37,31,64,2025-08-20,3.5
clothing_018,BrandI Jeans,clothing,BrandI,89.66,11,26,2025-08-21,3.9
clothing_018,BrandI Jeans,clothing,BrandI,96.21,39,96,2025-08-22,4.9
clothing_018,BrandI Jeans,clothing,BrandI,98.7,39,296,2025-08-23,4.1
clothing_018,BrandI Jeans,clothing,BrandI,99.06,24,154,2025-08-24,4.0
clothing_018,BrandI Jeans,clothing,BrandI,92.1,35,192,2025-08-25,4.1
clothing_018,BrandI Jeans,clothing,BrandI,89.25,28,167,2025-08-26,4.6
clothing_018,BrandI Jeans,clothing,BrandI,103.13,11,68,2025-08-27,3.9
clothing_018,BrandI Jeans,clothing,BrandI,102.43,34,81,2025-08-28,4.6
clothing_018,BrandI Jeans,clothing,BrandI,90.7,3,11,2025-08-29,4.0
clothing_018,BrandI Jeans,clothing,BrandI,96.7,34,89,2025-08-30,4.5
clothing_018,BrandI Jeans,clothing,BrandI,105.07,11,32,2025-08-31,3.3
clothing_018,BrandI Jeans,clothing,BrandI,96.72,38,232,2025-09-01,3.2
clothing_018,BrandI Jeans,clothing,BrandI,88.19,11,55,2025-09-02,4.1
clothing_018,BrandI Jeans,clothing,BrandI,86.57,27,181,2025-09-03,3.6
clothing_018,BrandI Jeans,clothing,BrandI,87.54,17,129,2025-09-04,4.8
clothing_018,BrandI Jeans,clothing,BrandI,91.89,21,105,2025-09-05,3.4
clothing_018,BrandI Jeans,clothing,BrandI,98.75,42,300,2025-09-06,4.5
clothing_018,BrandI Jeans,clothing,BrandI,106.53,7,42,2025-09-07,3.4
clothing_018,BrandI Jeans,clothing,BrandI,88.06,10,29,2025-09-08,3.0
clothing_018,BrandI Jeans,clothing,BrandI,97.6,28,83,2025-09-09,3.2
clothing_018,BrandI Jeans,clothing,BrandI,91.64,19,50,2025-09-10,3.4
clothing_019,BrandJ Coat,clothing,BrandJ,74.18,12,43,2025-08-12,3.7
clothing_019,BrandJ Coat,clothing,BrandJ,79.52,57,255,2025-08-13,4.5
clothing_019,BrandJ Coat,clothing,BrandJ,79.26,24,156,2025-08-14,3.4
clothing_019,BrandJ Coat,clothing,BrandJ,79.85,16,34,2025-08-15,4.9
clothing_019,BrandJ Coat,clothing,BrandJ,80.75,58,268,2025-08-16,5.0
clothing_019,BrandJ Coat,clothing,BrandJ,76.88,35,212,2025-08-17,4.5
clothing_019,BrandJ Coat,clothing,BrandJ,81.82,33,146,2025-08-18,4.8
clothing_019,BrandJ Coat,clothing,BrandJ,80.62,32,204,2025-08-19,4.4
clothing_019,BrandJ Coat,clothing,BrandJ,76.85,52,167,2025-08-20,3.3
clothing_019,BrandJ Coat,clothing,BrandJ,78.8,15,103,2025-08-21,3.8
clothing_019,BrandJ Coat,clothing,BrandJ,76.45,21,123,2025-08-22,3.0
clothing_019,BrandJ Coat,clothing,BrandJ,77.36,5,24,2025-08-23,3.4
clothing_019,BrandJ Coat,clothing,BrandJ,83.55,28,220,2025-08-24,3.9
clothing_019,BrandJ Coat,clothing,BrandJ,78.9,13,99,2025-08-25,3.1
clothing_019,BrandJ Coat,clothing,BrandJ,74.77,33,186,2025-08-26,4.4
clothing_019,BrandJ Coat,clothing,BrandJ,71.98,4,16,2025-08-27,4.9
clothing_019,BrandJ Coat,clothing,BrandJ,82.15,35,148,2025-08-28,4.3
clothing_019,BrandJ Coat,clothing,BrandJ,78.16,19,100,2025-08-29,4.0
clothing_019,BrandJ Coat,clothing,BrandJ,86.23,26,54,2025-08-30,3.4
clothing_019,BrandJ Coat,clothing,BrandJ,77.74,40,163,2025-08-31,3.8
clothing_019,BrandJ Coat,clothing,BrandJ,75.81,25,114,2025-09-01,4.5
clothing_019,BrandJ Coat,clothing,BrandJ,78.29,43,165,2025-09-02,3.8
clothing_019,BrandJ Coat,clothing,BrandJ,74.55,36,112,2025-09-03,4.2
clothing_019,BrandJ Coat,clothing,BrandJ,81.48,31,170,2025-09-04,3.3
clothing_019,BrandJ Coat,clothing,BrandJ,70.53,25,114,2025-09-05,4.1
clothing_019,BrandJ Coat,clothing,BrandJ,89.6,37,123,2025-09-06,4.1
clothing_019,BrandJ Coat,clothing,BrandJ,80.34,19,112,2025-09-07,4.6
clothing_019,BrandJ Coat,clothing,BrandJ,77.12,55,369,2025-09-08,4.5
clothing_019,BrandJ Coat,clothing,BrandJ,75.2,14,66,2025-09-09,3.5
clothing_019,BrandJ Coat,clothing,BrandJ,81.45,35,202,2025-09-10,4.7
